model,accuracy,log_loss,auc
Ensemble,0.7611940298507462,0.4806443516597884,0.8554384569496919
